water_level,volume_m3,volume_tmc,area_ha
33.0,0.0,0.0,0.0
33.1,1776.708713682995,6.274387608487967e-05,1.7767087136829698
